item_id,fable,option_a,option_b,option_c,option_d,option_e,correct_idx,correct_moral
morables_414,"A certain man took a deposit from a friend but intended to keep it for himself. When the depositor then summoned him to swear an oath regarding the deposit, he realized the danger he was in and prepared to leave the city and go to his farm. When he reached the city gates, he saw a lame man who was also on his way out of town. He asked the man who he was and where he was going. The man said that he was the god named Oath and that he was on his way to track down wicked people. The man then asked Oath how often he revisited each city. Oath replied, 'I come back after forty years, or sometimes thirty.' Accordingly, on the very next day the man did not hesitate to swear an oath that he had never received the deposit. But then the man ran into Oath, who dragged him off to the edge of a cliff. The man asked Oath how he could have said that he wasn't coming back for another thirty years when in fact he didn't even grant him a single day's reprieve. Oath explained, 'You also need to know that if somebody intends to provoke me, I am accustomed to come back again the very same day.'",There is no fixed day on which wicked people are punished.,Often there is more good to be found in one man than in a crowd of people.,Fear distorts the divine truth.,He who incites to deceptive strife is worse than he who takes relentless part in it.,"Taking what isn't yours may bring temporary gain, but it leaves a lasting debt on your conscience.",0,There is no fixed day on which wicked people are punished.
morables_66,"A Lark had made her nest in the early spring on the young green wheat. The brood had almost grown to their full strength and attained the use of their wings and the full plumage of their feathers, when the owner of the field, looking over his ripe crop, said, The time has come when I must ask all my neighbors to help me with my harvest. One of the young Larks heard his speech and related it to his mother, inquiring of her to what place they should move for safety. There is no occasion to move yet, my son, she replied; the man who only sends to his friends to help him with his harvest is not really in earnest. The owner of the field came again a few days later and saw the wheat shedding the grain from excess of ripeness. He said, I will come myself tomorrow with my laborers, and with as many reapers as I can hire, and will get in the harvest. The Lark on hearing these words said to her brood, It is time now to be off, my little ones, for the man is in earnest this time; he no longer trusts his friends, but will reap the field himself.",Self-help is the best help.,Cunning often outwits itself.,Wisdom grows with determination.,"Do unto others as you would have them do unto you, with caring and wise intentions.",Even the tiniest cradle in nature heralds the promise of new beginnings.,0,Self-help is the best help.
morables_129,"When a certain man of Athens saw Aesop playing with marbles amidst a crowd of boys, he stood there and laughed at Aesop as if Aesop were crazy. As soon as he realized what was going on, Aesop -- who was an old man far more inclined to laugh at others than to be laughed at himself -- took an unstrung bow and placed it in the middle of the road. 'Okay, you know-it-all,' he said, 'explain the meaning of what I just did.' All the people gathered round. The man wracked his brains for a long time but he could not manage to answer Aesop's question. Eventually he gave up. Having won this battle of wits, Aesop then explained, 'If you keep your bow tightly strung at all times, it will quickly break, but if you let it rest, it will be ready to use whenever you need it.'",Resting the mind is essential for clear thinking.,Be careful what you wish for.,Mockery often masks confusion.,"Be prepared to defend your witty, playful position.",Wisdom often hides behind playful appearances.,0,Resting the mind is essential for clear thinking.
morables_377,"The story goes that a sow who had delivered a whole litter of piglets loudly accosted a lioness, 'How many children do you breed?' asked the sow. 'I breed only one,' said the lioness, 'but he is very well bred!'",Quality is more valuable than quantity.,Gossips are to be seen and not heard.,Confidence without humility leads astray.,"It is good to set aside our proud disputes and confident conflicts, since they put everyone's lives in jeopardy.",Nurturing is key.,0,Quality is more valuable than quantity.
morables_179,"Running swiftly, balancing on the razor's edge, bald but with a lock of hair on his forehead, he wears no clothes; if you grasp him from the front, you might be able to hold him, but once he has moved on not even Jupiter himself can pull him back: this is a symbol of Opportunity, the brief moment in which things are possible.",Seize opportunities when they arise.,Be content with your lot.,Power without purpose is ineffectual.,Boast of one powerful thing and you will be found lacking in that and a few ineffectual other things as well.,Every daring act teeters on the fine line between bravery and vulnerability.,0,Seize opportunities when they arise.
morables_597,"A fox was standing not far from a trap, pondering every possible approach. A nearby wolf noticed the fox and approached her. He then asked the fox if he might be allowed to take the meat, and the fox replied, 'Go ahead and help yourself! You're welcome to it, seeing as you are one of my very dearest friends.' The wolf rushed up without a moment's hesitation and as he learned forward over the trap he released the trigger so that the rod sprang free, striking his snout and forehead. 'If this is the sort of gift you give you to your friends,' said the wolf, 'why would anyone ever want to be your friend?'",Flatterers and deceivers are not to be trusted.,Know yourself and your limits.,Trust can be a double-edged sword.,"A single reliable skill is worth more than a bag of cunning, deceptive tricks.","Caution is wise, but collaboration can reveal new paths.",0,Flatterers and deceivers are not to be trusted.
morables_199,"There was a bull who was pastured on a little island. Two dung beetles lived there too, feeding on the bull's manure. Winter was approaching, so one of the dung beetles said to the other, 'I want to go to the mainland and I will live there by myself during the winter. If I happen to find a good feeding ground over there, I bring back something for you too.' The beetle then moved to the mainland and found a lot of manure that was all moist and fresh. He settled in and had plenty to eat. When winter was over, he flew back to the little island where he had left the first beetle. When the first beetle saw that the second beetle was coming back looking so plump and fat, he asked him why he had not done what he had promised. The second beetle replied, 'Don't blame me! It's the nature of the place: there is plenty to eat there, but the food cannot be taken away.'",Beware of empty promises made during good times.,We should not pick fights with people stronger than we are.,Curiosity can uncover hidden resources.,There's a curious time for work and an expectant time for play.,Even the smallest creatures find value in what others discard.,0,Beware of empty promises made during good times.
morables_393,"There were two frogs whose pond had dried up, so they went looking for a new place to live. When they came to a well, one of them thought that they should jump in immediately, but the other one said, 'Wait: what if the water were to dry up here too; how would we be able to get back out again?'",Look before you leap.,Watch the actions of your enemy.,Haste often leads to regret.,"Impulsive, vicious people cannot resist hasty hurting of others even when it is not in their own interests.",Adaptability is key to survival in changing circumstances.,0,Look before you leap.
morables_368,"Thanks to his excellent qualities, Hercules was received into heaven. He saluted the gods who came to congratulate him one after another, but when he was approached by Plutus, the god of wealth and the son of Fortune, Hercules turned his eyes aside. Father Jupiter asked him why he did this. Hercules answered, 'I hate the god of riches: he is a friend to the wicked who corrupts the entire world by throwing his money around!'",Coffers of cash put a stop to honest traffic in praise.,Easy life and seeming good fortune of others conceal a threat to their welfare.,Wealth cannot buy true excellence.,Corrupting thieves may find themselves entangled in their own disdainful deceit.,Virtue paves the path to the highest rewards.,0,Coffers of cash put a stop to honest traffic in praise.
morables_301,"A dog made false accusations against the sheep, demanding that she pay him back a loaf of bread which, he insisted, the sheep had supposedly borrowed from him. The dog summoned the wolf as his witness and the wolf testified that the sheep didn't owe the dog just one loaf of bread: he swore that she owed him ten! Based on this false evidence, the sheep was found guilty and was sentenced to pay what she did not owe. A few days later the sheep found the same wolf lying dead in a ditch. 'This,' said the sheep, 'is the reward that gods give to liars.'",Wicked liars generally get their just consequences.,"When people won't listen to reason through kind means, they must be made to understand through harsh ones.",Deception often masks innocence.,Putting up with one deceptive insult invites another accusatory one.,False claims can unravel the fabric of trust.,0,Wicked liars generally get their just consequences.
morables_428,"A Lark, caught in a snare, pleaded earnestly with the Fowler for her life. 'What have I done that I must die?' said she; 'I have stolen neither gold nor silver, but only a grain of corn to satisfy my hunger.' The Man, without deigning any reply, twisted her neck and threw her into his sack.","When your adversary is also your judge, don't bother arguing.",People are willing to risk their lives for the sake of some petty profit.,Mercy is louder than silence.,"Do not trade what might come, which is innocent and uncertain, for present opportunities, which can never be mercilessly regained.","In moments of vulnerability, sincerity can be a powerful plea.",0,"When your adversary is also your judge, don't bother arguing."
morables_82,"Be quiet now, said an old Nurse to a child sitting on her lap. If you make that noise again I will throw you to the Wolf. Now it chanced that a Wolf was passing close under the window as this was said. So he crouched down by the side of the house and waited. I am in good luck to-day, thought he. It is sure to cry soon, and a daintier morsel I haven't had for many a long day. So he waited, and he waited, and he waited, till at last the child began to cry, and the Wolf came forward before the window, and looked up to the Nurse, wagging his tail. But all the Nurse did was to shut down the window and call for help, and the dogs of the house came rushing out.",Enemies' promises were made to be broken.,Only untrustworthy people blame the consequences of their own actions on others.,Cunning plans often silence noisy fears.,Expect no reward for serving the cunning and old wicked.,Harsh words may hide a misguided attempt at protection.,0,Enemies' promises were made to be broken.
morables_186,"A bald man was bitten on the head by a fly and when he tried to swat the fly he gave himself a serious slap on the head. Then the fly laughed at the man and said, 'You wanted to avenge the sting of a tiny little insect by committing murder: what are you going to do to yourself now that you have added insult to your injury?' The man replied, 'I can easily forgive myself since I know that I did not try to hurt myself on purpose. As for you, you worthless creature, spawn of a loathsome race of insects who delight in drinking human blood, I would be glad to get rid of you even if it required an even greater inconvenience to myself!'",Intent matters more than the outcome.,Those who refuse to share and respond with rudeness may face dire consequences for their actions.,Forgiveness outshines mockery.,Even frustrated self-effort is forgivingly essential.,"In anger, we may cause ourselves more harm than the initial trouble.",0,Intent matters more than the outcome.
morables_60,"A quarrel had arisen between the Horse and the Stag, so the Horse came to a Hunter to ask his help to take revenge on the Stag. The Hunter agreed, but said: 'If you desire to conquer the Stag, you must permit me to place this piece of iron between your jaws, so that I may guide you with these reins, and allow this saddle to be placed upon your back so that I may keep steady upon you as we follow after the enemy'. The Horse agreed to the conditions, and the Hunter soon saddled and bridled him. Then with the aid of the Hunter the Horse soon overcame the Stag, and said to the Hunter:' Now, get off, and remove those things from my mouth and back'. 'Not so fast, friend', said the Hunter. 'I have now got you under bit and spur, and prefer to keep you as you are at present.'","If you allow men to use you for your own purposes, they will use you for theirs.","It is better to be injured with impunity, than to put ourselves in the power of another.",Cunning can defeat dominance.,"Everything vengefully pleases at first, but nothing cunningly pleases for long.",Relying on another's guidance for aid can cost you your freedom.,0,"If you allow men to use you for your own purposes, they will use you for theirs."
morables_239,"The cat saw a stork carrying an eel. Now, the cat is a creature who dearly loves fish although he doesn't like to get his feet wet. So the cat said to the stork, 'O most beautiful bird! You have such a red beak and such white feathers! Could it be that your beak is just as red on the inside as it is on the outside?' The stork refused to answer the cat, keeping her mouth shut so that she wouldn't lose her eel. The angry mouser then began insulting the stork, 'Why, you must be deaf or dumb! Why don't you answer me, you wretched creature? You do eat snakes sometimes, don't you? Snakes are poisonous and filthy! A nice animal likes to eat nice things, but you like to eat filthy things that are not nice at all! That means you are the most filthy bird in the world!' The stork didn't say anything, and just kept on walking, carrying her eel.",Stay focused on your goals.,"Do not fear death, as it is the final goodbye to all the troubles, pains, and dangers of life.",Beauty can mask cunning intentions.,"Don't be seduced by cunning, deceptive words, they will cause nothing but beautiful trouble.",Flattery often masks hidden intentions.,0,Stay focused on your goals.
morables_306,"A dog was sleeping in front of the barn when a wolf noticed him lying there. The wolf was ready to devour the dog, but the dog begged the wolf to let him go for the time being. 'At the moment I am thin and scrawny,' said the dog, 'but my owners are about to celebrate a wedding, so if you let me go now, I'll get fattened up and you can make a meal of me later on.' The wolf trusted the dog and let him go. When he came back a few days later, he saw the dog sleeping on the roof. The wolf shouted to the dog, reminding him of their agreement, but the dog simply said, 'Wolf, if you ever catch me sleeping in front of the barn again, don't wait for a wedding!'",Take what you can get when you can get it.,There is nothing more valuable than liberty.,The cunning prey on the gullible.,Cunning enemies' persuasive promises are made to be broken by their predatory nature.,A plea for mercy can sometimes delay the inevitable.,0,Take what you can get when you can get it.
morables_222,"A gnat happened to land on the back of a camel and lingered there on top of the baggage. When he finally decided to disembark, he said, 'I will let myself down now as fast as I can so as not to burden you any longer, weighed down as you are.' 'Much obliged,' said the camel, 'but I was not even aware that you had landed, and your departure is not going to lighten my load.'",Some men are of more consequence in their own eyes than in the eyes of their neighbors.,Arrogant fools have no true influence.,Patience sees beyond the insignificant.,"A patient, discerning person is made wise by the unbothered misfortunes of his neighbours.",Even the smallest presence can go unnoticed amidst greater burdens.,0,Some men are of more consequence in their own eyes than in the eyes of their neighbors.
morables_630,"A fox was walking by a certain farm and saw a crowd of women who, in total silence, were eating many sumptuously roasted chickens. The fox turned to the women and said, 'What shouts there would be against me, and what howling of dogs, if I were to do what you are doing!' A certain old woman said, 'Most wretched creature! We are eating those things which are ours; you take your pleasure in things that belong to others.'",We should not to conclude that we are allowed to do to other people's things what is permitted to them in their own houses.,A false friend is the worst kind of enemy.,Silent wisdom outsmarts cunning feasts.,There is as much silent malice in a cunning wink as in a word.,Silence can mask the most indulgent of feasts.,0,We should not to conclude that we are allowed to do to other people's things what is permitted to them in their own houses.
morables_245,"A viper entered a blacksmith's workshop and bit the file, testing it to see if this was something she could eat. The file protested fiercely, 'You fool! Why are you trying to wound me with your teeth, when I am able to gnaw through every sort of iron?'",It is useless attacking the insensible.,"When you need someone to lend a hand, mere words are no help at all.",Curiosity without wisdom invites folly.,"Foolish injuries may be forgiven, but not indignant forgotten.",Boasting of strength invites unnecessary challenges.,0,It is useless attacking the insensible.
morables_75,"A Man and a Lion traveled together through the forest. They soon began to boast of their respective superiority to each other in strength and prowess. As they were disputing, they passed a statue carved in stone, which represented a Lion strangled by a Man. The traveler pointed to it and said: 'See there! How strong we are, and how we prevail over even the king of beasts'. The Lion replied: 'this statue was made by one of you men. If we Lions knew how to erect statues, you would see the Man placed under the paw of the Lion.'","One story is good, till another is told.",The hero is brave in deeds as well as words.,Pride often precedes a fall.,Boastful outside show is a poor substitute for proud inner worth.,Pride often blinds us to the value of cooperation.,0,"One story is good, till another is told."
morables_267,"The peacock was a remarkable bird both because of the beauty of his feathers with their various colours and also because he was gentle and courteous. On his way to the assembly of the birds, the peacock ran into the raven. The raven asked the peacock if he would give him two of his feathers. The peacock said, 'What will you do for me in return?' The raven replied, 'I will squawk your praises throughout the courts in the presence of all the other birds!' So the peacock gave the raven two of his feathers. The crow then made the same request of the peacock and obtained two of the peacock's feathers, as did the cuckoo and all kinds of other birds, until finally the peacock was plucked completely bare. The peacock was supposed to nourish and protect his chicks but he was unable to do so since he didn't have any feathers. Winter came, and he died. His chicks went away and lived as best as they could on their own.",Vanity can lead to self-destruction.,Do not boast to have something you do not.,Opportunism can overshadow courtesy.,"Sorrow not over what is abandoned and lost forever, but be resilient.",True beauty shines through kindness and grace.,0,Vanity can lead to self-destruction.
morables_580,"A gnat came and said to a Lion, 'I do not in the least fear you, nor are you stronger than I am. For in what does your strength consist? You can scratch with your claws and bite with your teeth as a woman in her quarrels. I repeat that I am altogether more powerful than you; and if you doubt it, let us fight and see who will conquer.' The Gnat, having sounded his horn, fastened himself upon the Lion and stung him on the nostrils and the parts of the face devoid of hair. While trying to crush him, the Lion tore himself with his claws, until he punished himself severely. The Gnat thus prevailed over the Lion, and, buzzing about in a song of triumph, flew away. But shortly afterwards he became entangled in the meshes of a cobweb and was eaten by a spider. He greatly lamented his fate, saying, 'Woe is me! that I, who can wage war successfully with the hugest beasts, should perish myself from this spider, the most inconsiderable of insects!'","No matter how you brag, you can be undone.","Do not ever trust your enemy. Always protect yourself from him, even if he comes to you humble and supplicating.",Pride can turn triumph into frustration.,Boastful cunning often outwits its frustrated self.,True strength is not always visible.,0,"No matter how you brag, you can be undone."
morables_361,"Some fishermen had gone out fishing, and when they had struggled for a long time but had not managed to catch anything, they became very downcast and prepared to turn back. All of a sudden a tuna fish who was being chased by some bigger fish leaped into their boat. The men seized the tuna fish and went home rejoicing.",Luck often bestows the things that skill cannot obtain.,"To be small is a way to stay safe and avoid problems, whereas you rarely see a man with a big reputation who is able to keep out of danger.",Joy can outpace despair.,Rejoicing equals make the best pursuing friends.,"In the face of empty nets, perseverance becomes its own reward.",0,Luck often bestows the things that skill cannot obtain.
morables_492,"A poor Man, who longed to get rich, used to pray day and night for wealth, to a Wooden Idol which he had in his house. Not withstanding all his prayers, instead of becoming richer, he got poorer. Out of all patience with his Idol, he one day took it by the legs, and dashed it to pieces upon the floor. Hundreds of gold pieces, which had been hidden in the body, flew about the room. Transported at the sight, he exclaimed, 'How have I wasted my time in worshipping a graceless deity, who yields to force what he would not grant to prayers!'",People adjust their beliefs based on what is profitable for them.,Only a man who is out of his mind and hated by the gods delights in ugly things as if they were beautiful.,Impatience can lead to graceless outcomes.,Impatient opposites are utterly gracelessly incompatible.,Fortune favors the bold who challenge fate.,0,People adjust their beliefs based on what is profitable for them.
morables_225,"When a gnat had challenged a bull to see who was the stronger of the two, all the people came to watch the show. Then the little gnat said to the bull, 'It's enough for me that you have accepted my challenge. This makes me your equal: you yourself have admitted as much!' The gnat then rose into the air on his light wings and sported for the crowd, ignoring the threats of the bull. If the bull had been mindful of his own mighty bulk, he would have dismissed this opponent as beneath contempt and the impertinent creature would not have had anything to boast about.",People who enter into contests with unworthy opponents lower their own reputation.,Educate your children in those arts which are capable of preserving them from want.,Pride invites downfall.,Return boastful favors and mighty favors will be bestowed on you.,Pride can lead to futile contests.,0,People who enter into contests with unworthy opponents lower their own reputation.
morables_651,"There was a bob-tailed dog advertised in a newspaper, and someone who recognized him by his markings brought him back to his owner. The owner began to question the dog, asking how he could be so ungrateful and insensitive to run away from someone who was so kind to him. 'Did I ever hit you,' he asked, 'or even speak a harsh word to you in all the time you served me?' 'No,' replied the dog, 'not with your own hands or words, but you have had others do it for you many times. When I am beaten by your order, I consider it as if you yourself are beating me.'",What a person does through another is truly their own action.,There is danger lurking in the words of a wicked person.,Kindness is often unappreciated.,"Better to face a known danger than to trust a sensitive, deceitful promise of safety.",Distinctive traits can lead to unexpected reunions.,0,What a person does through another is truly their own action.
morables_541,"Some castrated sheep had been gathered together in a flock with the rams. Although the sheep realized that the butcher had come into the flock, they pretended not to see him. Even when they saw one of their own seized by the butcher's deadly hands and taken away to be slaughtered, still the sheep were not afraid. Foolishly, they said to one another, 'He keeps his hands off me, he keeps his hands off you; let him take whom he takes.' In the end, there was only one sheep left. This is what he reportedly said to the butcher when he saw that he too was about to be taken away: 'We deserve to be slaughtered one after another since we didn't realize what was happening until it was too late. The fact is, as soon as we saw you here in our midst, back when we were all together, we should have killed you at once by smashing you between our horns.'","If you don't speak out for others, there will be nobody left to speak out for you.",Do not be in a hurry to change one evil for another.,"Facing the truth, however painful, is the path to wisdom.",An insightful speaker can deftly turn the passive insults of his enemies into compliments.,Fitting in with the mighty doesn't always shield the vulnerable.,0,"If you don't speak out for others, there will be nobody left to speak out for you."
morables_131,"There was a hooligan who struck Aesop with a stone. Aesop said, 'Well done!' and he even gave the boy a coin. Then he added, 'Confound it, that's all the cash I've got, but I'll show you more where that came from. Look, the man coming this way is a wealthy and important person; if you can hit him with a stone the same way you hit me, you'll get the reward you deserve.' The hooligan was convinced and did as Aesop told him, but his hope for a reward brought his reckless daring to ruin: he was arrested and paid the price for his crime on the cross.",Success leads many astray to their ruin.,Be careful what you wish for.,Clever minds outwit reckless wealth.,Avoid reckless overindulgence in manipulative pursuits.,Responding with grace can disarm hostility.,0,Success leads many astray to their ruin.
morables_584,"Winter made fun of Spring and mocked her for the fact that as soon as spring appears, nobody can keep still: some people go off to the meadows or into the woods, others like to gather flowers and lilies or perhaps to gaze upon a rose as they twirl it in the air or to twine it in their hair; while some board ships and even cross the sea to meet different kinds of people; no one worries any longer about the winds or the great downpours of rain from the sky. 'Whereas I resemble a dictator or a despot,' said Winter. 'I command everyone to look not at the sky but down toward the ground; I frighten them and make them tremble and sometimes I make them content themselves while having to stay indoors all day.' Spring replied, 'Indeed, that is exactly why mankind would be glad to get rid of you, whereas even the mere mention of my name is enough to bring them pleasure. By Zeus, there is no name more pleasant than mine! That is why they think fondly of me when I am gone and give thanks when I appear again.'",It is better to be loved than feared.,Use care to place your blame on the right person.,Power can be both beloved and despotic.,Powerful talent is wasted when it's in the hands of the unappreciative.,Even the harshest seasons have their own beauty and purpose.,0,It is better to be loved than feared.
morables_655,"A Soldier who already had one excellent horse bought another that was not nearly as good, yet he took more care of the new one than the first. Everyone wondered at this, since the new horse was neither as beautiful nor as useful as the other. 'Ah,' said someone, 'it's natural to be fond of the newest arrival.'","Everything pleases at first, but nothing pleases for long.","Everyone should be satisfied with their own lot in life, given that disaster awaits us on every side.","Beauty fades, but usefulness endures.",The inferior word of a wicked man can never be beautifully trusted.,We value what is less worthy more than what truly deserves our care.,0,"Everything pleases at first, but nothing pleases for long."
morables_423,"A seagull having bolted down too large a fish, burst its deep gullet-bag and lay down on the shore to die. A Kite saw him and exclaimed: 'You richly deserve your fate; for a bird of the air has no business to seek its food from the sea.'",Every man should be content to mind his own business.,Learn from past misfortunes.,"Greed breeds misfortune, while judgment blinds one to their own flaws.",How often do we supply our unfortunate enemies with the observant means of our own destruction.,Patience is key when facing a challenge.,0,Every man should be content to mind his own business.
morables_145,"There were once some foxes who had gathered together on the banks of the River Meander looking for a drink of water. They urged one another to approach the river, but no one dared to get too close because of the rushing current. Then one of the foxes came forward in order to embarrass her fellow foxes. Laughing at their cowardice and convinced that she was braver than the rest, she boldly leaped into the water. As the current carried her out into the middle of the river her companions stood on the riverbank and shouted at her, 'Don't leave us! Come back and show us how to get down to the water so that we can also take a drink.' The fox replied as she was being swept downstream, 'I've got a message to take to Miletus, and I need to carry it there; when I come back I will show you!'",People get themselves into trouble because of their boasting.,Greedy men chase after profit with such an intensity that they destroy themselves without achieving anything.,Boldness quenches the cautious thirst.,Cautious bad neighbours are the first to suffer from the mocking harm they would do to others.,"Caution is wise, but courage is needed to quench true thirsts.",0,People get themselves into trouble because of their boasting.
morables_251,"When the lion made himself king of the beasts, he wanted to be known for his fairness, so he gave up his old habits and contented himself with a limited diet just as the other animals did, committed to dispensing justice with complete honesty. As time went by, however, the lion's resolution began to waver. Since he was not able to alter his natural inclinations, he began to take certain animals aside in private and ask them whether or not his breath smelled bad. It was a clever strategy: the animals who said that it smelled bad and the animals who said it did not were all killed just the same and the lion was thus able to satisfy his appetite. After he had slaughtered a number of the animals in this way, the lion turned to the monkey and asked how his breath smelled. The monkey exclaimed that the lion's breath smelled of cinnamon, as if it were the very altar of the gods. The lion was ashamed to slaughter someone who said such nice things, so he changed his tactics and fooled the monkey with a newly devised stratagem. The lion pretended that he was sick. The doctors came right away, of course, and when they checked the lion's veins and found that his pulse was normal, they ordered him to eat some food that would be light on his stomach, thus alleviating his nausea. 'Kings may eat what they like,' admitted the lion. 'And I've never tried monkey meat... I would like to have a taste of that.' No sooner said than done: the obsequious monkey was quickly killed so that the lion could eat him immediately.",The penalty for speaking and for keeping silent is one and the same.,Do not neglect the loyalty of old friends to please new acquaintances.,Flattery can mask ruthless intentions.,"Cunning fine clothes may disguise, but flattering silly words will disclose a fool.","True leadership is forged in integrity, as even the mighty must adapt to serve justice fairly.",0,The penalty for speaking and for keeping silent is one and the same.
morables_579,"A man bought a partridge and let him run loose in the house since he liked the bird very much. The partridge immediately started squawking his usual song, sauntering through every room in the house until he finally perched himself on the steps. Meanwhile, the tricky weasel rushed upon the partridge, asking, 'Who are you? Where have you come from?' The partridge replied, 'The master bought me just today; I am a partridge.' The weasel said, 'Well, I have lived here a long time! My mother, the mouser-slayer, gave birth to me in this very house. Yet I keep quiet and sleep beside the hearth. What gives you the right to speak so freely and cackle so loudly if you have only just now become a member of the household?'",Honor the customs of the household you enter.,Often there is more good to be found in one man than in a crowd of people.,Confidence can outsmart trickery.,Confident vanity can lead to tricky self-destruction.,Freedom can reveal true character.,0,Honor the customs of the household you enter.
morables_39,"A fox climbing up over a fence was about to slip and fall, so she reached out and grabbed hold of a bramble bush but the brambles scratched the soft padding of the fox's paws. Stung by the sharp pain, the fox asked the bramble bush why she had acted so cruelly, when the fox had simply grabbed onto her for help. The bramble replied, 'My dear, you must be out of your mind to grab hold of someone like me, since I am the one who always grabs everyone else!'",It is foolish to expect help from someone who is naturally unkind.,No one should boast when his prowess is a matter of mere circumstance.,Cruelty stings the sharpest.,"A single sharp skill is worth more than a bag of cruel, useless tricks.","In seeking support, be mindful of the harm it may cause.",0,It is foolish to expect help from someone who is naturally unkind.
morables_246,"A charcoal burner who lived in a certain house decided it would be a good idea to live together with a fuller who had moved in next door. But the fuller told him, 'How on earth would I be able to carry on with my work? I am afraid that whatever I washed white, you would cover with soot!'",Opposites are utterly incompatible.,Appearances can be deceiving.,Caution cleans inconsiderate actions.,Clean honesty is the best cautious policy.,Shared spaces require shared understanding.,0,Opposites are utterly incompatible.
morables_446,"A robber had murdered someone along the road. When the bystanders began to chase him, he dropped the bloody corpse and ran away. Some travellers coming from the opposite direction asked the man how he had stained his hands. The man said that he had just climbed down from a mulberry tree, but as he was speaking, his pursuers caught up with him. They seized the murderer and crucified him on a mulberry tree. The tree said to him, 'It does not trouble me at all to assist in your execution, since you tried to smear me with the murder that you yourself committed!'",If often happens that even honest people do not hesitate to persecute someone who has slandered them.,"Whatever happens, we must bear it with equanimity.",Curiosity can unmask deception.,"It is often the case that people are greedy for deceptive things which they think will bring them honour, but which only result in their determined death and destruction.",The truth is often the first casualty when guilt seeks escape.,0,If often happens that even honest people do not hesitate to persecute someone who has slandered them.
morables_430,"Some field-mice were playing in the woods where a lion was sleeping when one of the mice accidentally ran over the lion. The lion woke up and immediately grabbed the wretched little mouse with his paw. The mouse begged for mercy, since he had not meant to do the lion any harm. The lion decided that to kill such a tiny creature would be a cause for reproach rather than glory, so he forgave the mouse and let him go. A few days later, the lion fell into a pit and was trapped. He started to roar, and when the mouse heard him, he came running. Recognizing the lion in the trap, the mouse said to him, 'I have not forgotten the kindness that you showed me!' The mouse then began to gnaw at the cords binding the lion, cutting through the strands and undoing the clever ingenuity of the hunter's art. The mouse was thus able to restore the lion to the woods, setting him free from his captivity.","No act of kindness, no matter how small, is ever wasted",Unequal matches bring misery.,Cleverness can free the trapped.,Those who act in their own innocent self-interest while pretending to help others will not earn grateful gratitude.,Even the smallest actions can awaken great consequences.,0,"No act of kindness, no matter how small, is ever wasted"
morables_56,"The Pigeons, terrified by the appearance of a Kite, called upon the Hawk to defend them. He at once consented. When they had admitted him into the cote, they found that he made more havoc and slew a larger number of them in one day than the Kite could pounce upon in a whole year.",Avoid a remedy that is worse than the disease.,The conflicts of the wicked are the protection of the good.,Deception often masks destruction.,"When your deceptive adversary is also your predatory judge, don't bother arguing.","In seeking protection, choose allies wisely, for not all saviors have pure intentions.",0,Avoid a remedy that is worse than the disease.
morables_394,"When Zeus had fashioned man and woman, he ordered Hermes to take them to Gaia, the Earth, and to show them how to obtain food by digging in the ground. At first, the Earth refused to cooperate in Hermes' mission. Hermes then compelled her, saying that Zeus had ordered her to do so. Earth replied, 'Then let them dig as much as they like, but they will pay for it with groans and tears!'",Easy gains often come with hidden costs and hardships.,Do not fight with those who are perfectly capable of fighting back.,Power can sway the reluctant.,Powerful physical stature does not guarantee commanding wisdom or intelligence.,Guidance is the seed of self-sufficiency.,0,Easy gains often come with hidden costs and hardships.
morables_232,"A dog went into a butcher's shop and stole the heart of some animal. The butcher turned around and said to him, 'You haven't stolen my heart; indeed, I have taken heart from this lesson! So if you ever come back in here again, I will give you the reward you deserve for this act of robbery!'",Experience teaches valuable lessons and encourages caution.,Nature reveals itself.,Boldness without caution leads astray.,"Better to face a bold, known danger than to trust a deceitful promise of safety.",Desire can lead to actions that betray trust.,0,Experience teaches valuable lessons and encourages caution.
morables_498,"There was a bullock who had been turned loose in the fields without ever having borne the burden of the yoke. When he saw a hard-working bull who was pulling a plow, the bullock said to him, 'You poor thing! What a lot of hard work you have to endure!' The bull made no reply and continued pulling the plow. Later on, when the people were about to make a sacrifice to the gods, the old bull was unyoked and led out to pasture, while the young bullock who had never done any work was dragged away by a rope that they had tied to his horns. Seeing that the young bullock was doomed to pour his blood out upon the altar, the old bull then said to him, 'This is the reason why you were not required to do any work. Although you are young, you are setting out on this journey ahead of your elders: you are going to be sacrificed, and your neck is going to chafe not under the yoke, but under the axe!'",He laughs best that laughs last.,The great do not always prevail.,Wisdom tempers youthful naivety.,"He that is neither a young, naive one thing nor a wise other has no friends.","One should not judge others, having never borne their own burdens.",0,He laughs best that laughs last.
morables_174,"It is common to take Maltese dogs and pet monkeys on long sea voyages in order to relieve the boredom of the passage. A man who was planning to make such a voyage had brought his monkey along with him but when the ship had reached Cape Sounion (which is a sea promontory near Athens), they were met by a fierce winter storm. The ship was capsized and everyone was thrown into the water. The monkey also started swimming and was spotted by a dolphin, who thought the monkey was a man. The dolphin swam up under the monkey and carried him through the water. When they were approaching Piraeus, the Athenian harbor, the dolphin asked the monkey if he was originally from Athens. The monkey said that he was, and that he happened to be from an illustrious family. The dolphin then asked if he knew Piraeus. The monkey thought that Piraeus must be a person's name, so he said that, yes, Piraeus was a near and dear friend of his. The dolphin was infuriated by the monkey's lying words, so he plunged the creature into the water and killed him.","Those who pretend to be what they are not, sooner or later, find themselves in deep water.",Often there is more good to be found in one man than in a crowd of people.,Helpful plans calm infuriation.,Telling the truth can sometimes be lying and infuriated dangerous.,"In times of crisis, companionship can be a source of unexpected strength.",0,"Those who pretend to be what they are not, sooner or later, find themselves in deep water."
morables_25,"A Certain House was overrun with Mice. A Cat, discovering this, made her way into it and began to catch and eat them one by one. Fearing for their lives, the Mice kept themselves close in their holes. The Cat was no longer able to get at them and perceived that she must tempt them forth by some device. For this purpose she jumped upon a peg, and suspending herself from it, pretended to be dead. One of the Mice, peeping stealthily out, saw her and said, Ah, my good madam, even though you should turn into a meal-bag, we will not come near you.",He who is once deceived is doubly cautious.,Beware of when the powerful and the deceitful collaborate.,Caution tempers cunning.,Relying too much on cunning subordinates can lead to cautious unintended consequences.,Unchecked problems invite opportunistic solutions.,0,He who is once deceived is doubly cautious.
morables_103,"A Traveler wearied from a long journey lay down, overcome with fatigue, on the very brink of a deep well. Just as he was about to fall into the water, Dame Fortune, it is said, appeared to him and waking him from his slumber thus addressed him: Good Sir, pray wake up: for if you fall into the well, the blame will be thrown on me, and I shall get an ill name among mortals; for I find that men are sure to impute their calamities to me, however much by their own folly they have really brought them on themselves.",Everyone is more or less master of his own fate.,Every tale is not to be believed.,Guard your energy wisely.,He who incites to concerned strife is worse than he who takes protective part in it.,Exhaustion can lead to perilous oversight.,0,Everyone is more or less master of his own fate.
morables_168,"When a man had made an axe, he asked the trees to give him a handle made of the hardest wood. The other trees selected the wood of the wild olive. The man took the handle and fitted it to his axe. Then, without a moment's hesitation, he began to chop down the trees' mighty branches and trunks, taking whatever he wanted. The oak tree then said to the ash, 'It serves us right, since we gave our enemy the handle he asked for!'",You should think twice before offering anything to your enemies.,"It is better to be injured with impunity, than to put ourselves in the power of another.",Generosity without wisdom invites regret.,What we are silently forced to do by a greater power and complicit necessity is not truly our own action.,A stubborn quest often leads to trials that test our resolve.,0,You should think twice before offering anything to your enemies.
morables_527,"The crab's mother said to him, 'My son, why do you walk in a crooked line when you should be walking straight ahead?' The crab said to her, 'O mother, lead the way, and I will try to walk accordingly.' The crab's mother was unable to walk in a straight line, and her son accused her of being out of her mind.",Example is more powerful than precept.,Contentment with our lot is an element of happiness.,Those who cannot see the path may still guide others astray.,Hypocritical equals make the best accusatory friends.,Even the crooked can find their way when given clear guidance.,0,Example is more powerful than precept.
morables_383,"A wolf had assembled an immense store of booty in his den so that he could feast on all sorts of delicacies for months into the future. When the fox found out about this she paid a visit to the wolf and spoke to him in anxious tones, 'Why should I be deprived of your company these many days? I've been in tears since you have not come outside.' The wolf replied spitefully, 'You didn't come here out of any concern for me; you're just hoping to get something. I know you must have had some reason for coming here: you are trying to trick me!' This made the fox extremely angry, so she went to the shepherd and said to him, 'Would you like it if I turned the enemy of your flock over to you today so that you wouldn't have to worry about him anymore? The shepherd replied, 'I will be at your service and will give you whatever you want.' The fox immediately led the shepherd to where the wolf was hiding and the shepherd killed the wolf with his lance. He then let the spiteful fox eat her fill of someone else's larder. Eventually the fox fell foul of hunters and was caught by their hounds. As she was being torn to pieces, the fox exclaimed, 'Just as I committed a serious crime, now I am going to die, since I brought about someone else's death.'",Take pleasure when thieves destroy themselves.,Never trust a known deceiver.,Gratitude tempers relentless spite.,Cunning wit has always a spiteful answer ready.,Isolation in abundance can lead to unexpected companionship.,0,Take pleasure when thieves destroy themselves.
morables_91,"An Eagle swooped down upon a Serpent and seized it in his talons with the intention of carrying it off and devouring it. But the Serpent was too quick for him and had its coils round him in a moment; and then there ensued a life-and-death struggle between the two. A countryman, who was a witness of the encounter, came to the assistance of the eagle, and succeeded in freeing him from the Serpent and enabling him to escape. In revenge, the Serpent spat some of his poison into the man's drinking-horn. Heated with his exertions, the man was about to slake his thirst with a draught from the horn, when the Eagle knocked it out of his hand, and spilled its contents upon the ground.",One good turn deserves another.,Do not try to grasp too much at once.,Quick actions can be vengeful.,"Destroy the swift seed of vengeful evil, or it will grow up to your ruin.",Even the mighty must be wary of hidden dangers.,0,One good turn deserves another.
morables_29,"A Rich Man gave a great feast, to which he invited many friends and acquaintances. His Dog availed himself of the occasion to invite a stranger Dog, a friend of his, saying, My master gives a feast, and there is always much food remaining; come and sup with me tonight. The Dog thus invited went at the hour appointed, and seeing the preparations for so grand an entertainment, said in the joy of his heart, How glad I am that I came! I do not often get such a chance as this. I will take care and eat enough to last me both today and tomorrow. While he was congratulating himself and wagging his tail to convey his pleasure to his friend, the Cook saw him moving about among his dishes and, seizing him by his fore and hind paws, bundled him without ceremony out of the window. He fell with force upon the ground and limped away, howling dreadfully. His yelling soon attracted other street dogs, who came up to him and inquired how he had enjoyed his supper. He replied, Why, to tell you the truth, I drank so much wine that I remember nothing. I do not know how I got out of the house.",Those who enter by the back stairs may expect to be shown out at the window.,Enemies promises were made to be broken.,Generosity invites hope.,"Better to face a known danger than to trust a curious, deceitful promise of safety.",Generosity can extend beyond intended boundaries.,0,Those who enter by the back stairs may expect to be shown out at the window.
morables_707,"There was a certain miserly man who was dying and about to part with his enormous heap of money, ill-gotten as it was. He ordered that the bag of coins be brought to him as he was dying and then asked the bag to whom it would bring pleasure. The bag answered him: 'I'm going to bring pleasure to your heirs, who will squander these coins, over which you sweated, on women and drinks, and I'll also bring pleasure to the demons who are going to turn your soul over to eternal torments.'",A life of greed and hoarding wealth leads to misery.,"It is better by far to be governed by one chief, than by many.",Ill-gotten gains bring eternal torment.,"Even beneficial things all appear to be enormous and sure to hurt for those those who are unfamiliar with them and inexperienced, making them seem tormenting.",The fruits of toil may not always yield the intended legacy.,0,A life of greed and hoarding wealth leads to misery.
morables_252,"A city mouse once happened to pay a visit to the house of a country mouse where he was served a humble meal of acorns. The city mouse finished his business in the country and by means of insistent invitations he persuaded the country mouse to come pay him a visit. The city mouse then brought the country mouse into a room that was overflowing with food. As they were feasting on various delicacies, a butler opened the door. The city mouse quickly concealed himself in a familiar mouse hole, but the poor country mouse was not acquainted with the house and frantically scurried around the floorboards, frightened out of his wits. When the butler had taken what he needed, he closed the door behind him. The city mouse then urged the country mouse to sit back down to dinner. The country mouse refused and said, 'How could I possibly do that? Oh, how scared I am! Do you think that the man is going to come back?' This was all that the terrified mouse was able to say. The city mouse insisted, 'My dear fellow, you could never find such delicious food as this anywhere else in the world.' 'Acorns are enough for me,' the country mouse maintained, 'so long as I am secure in my freedom!'",It is better to live in self-sufficient poverty than to be tormented by the worries of wealth.,Consider the consequences of your actions.,Familiarity can ease the unfamiliar.,"Save a familiar Thief from the humble Gallows, and he'll cut your Throat.",A persuasive invitation to abundance can open doors to experiences beyond one's familiar world.,0,It is better to live in self-sufficient poverty than to be tormented by the worries of wealth.
morables_200,"There was a beetle who came forth fully sated from his dung heap and saw an eagle flying high up in the air, crossing a great stretch of the sky in a brief stretch of time. The beetle then felt contempt for his own way of life and declared to his fellow beetles, 'Look at that eagle, who is so swift on the wing and so strongly built, equipped with such a savage beak and talons! If she wants, she can soar up to the clouds and plunge downwards as fast as she likes. Meanwhile, we beetles suffer from a sorry state of affairs, being not quite bugs and not quite birds. But my voice is no less pleasant than the eagle's cry, and her sheen does not outshine my own. I will not crawl around in the dung any more! From now on I will consort with the birds and fly around with them everywhere, joining their society!' The beetle then rose into the sky, emitting a song that was nothing more than a loathsome sort of buzzing. As he tried to follow the eagle into the upper air, he was unable to endure the strong winds. He fell to the ground, shaken and exhausted, far away from his home. Facing starvation, the sad beetle said, 'I don't care if they call me a bug or a bird, if only I can get back home to my dung heap!'",Disaster awaits the arrogant person who puts on airs: he will fail to get promoted and will lose his former position as well.,The weak may find a way to avenge a wrong.,Embrace diversity to gain new perspectives.,"If ambitious words suffice not, strong blows must follow.",Even the humblest beginnings can spark a moment of lofty wonder.,0,Disaster awaits the arrogant person who puts on airs: he will fail to get promoted and will lose his former position as well.
morables_258,"There was a certain greedy coward who found a lion of gold and said, 'I do not know how to act in such circumstances. This is driving me crazy! I can't decide what to do: my love of money and my innate cowardice are tearing me in two. What kind of accident or supernatural power could have produced a lion of gold? My mind is at war with itself when it confronts this problem: it longs for the gold but it fears the object which the gold has been made into. My desire urges me to seize it, but my character urges me to keep away. O fortune, you have given me this thing but you do not allow it to be taken! O treasure that offers no satisfaction! O welcome gift of a god that is so unwelcome! What to do? How can I get some advantage from this? How can I contrive a means to approach it? I will go get my servants and bring them here and order them to launch a mass attack and grab the lion, while I watch them from a distance.'",Wealth is of little value if one is too afraid to use or enjoy it.,Nature reveals itself.,Greed blinds the cowardly.,It is better to serve in cowardly safety than to rule in distant peril.,Indecision is the thief of opportunity.,0,Wealth is of little value if one is too afraid to use or enjoy it.
morables_615,"At one time, it seemed to all the beasts that they should hold a meeting and assembly, as there were frequent complaints among them about one another. When opinions were exchanged back and forth, the hares are said to have addressed the assembly: they believed it fair that all beasts should have the same dignity and equal power, and that it should not be the case that some are much stronger while others are weaker; for in this way, the inferior would be subject to the superior for plunder and prey. The Lions made this reply: 'Your words, O Hares! are good; but they lack both claws and teeth such as we have.'",Be prepared to defend your position.,No one is so contemptible that he cannot be of use to us in some way.,True strength lies in fairness.,It is better to be fairly loved than strongly feared.,Open dialogue can reveal hidden grievances and foster understanding.,0,Be prepared to defend your position.
morables_429,"There were two men travelling together: one was a liar and the other always told the truth. Their journey led them to the land of the monkeys. There was a whole crowd of monkeys there and one of them noticed the travellers. The monkey who was clearly their leader ordered that the men be detained. Since he wanted to know what the men thought of him, he commanded all rest of the monkeys to stand before him in a long line to his right and to his left, while a seat was prepared for him to sit on (this monkey had once seen the emperor, so he was ordering his monkeys to line up for him in the same way). The men were then told to come forward into the midst of the monkeys. The chief monkey said, 'Who am I?' The liar said, 'You are the emperor!' Then the monkey asked, 'And those whom you see standing before me: who are they?' The man answered, 'They are your noble companions, your chancellors, your officials and the commanders of your armies!' Because these lies flattered the monkey and his troops, he ordered that the man be showered with presents. All the monkeys were fooled by his flattery. Meanwhile, the man who always told the truth thought to himself, 'If that liar received such rewards for telling lies, then surely I will receive an even greater reward for telling the truth.' The chief monkey said to the second man, 'Now you tell me who I am, and who are these whom you see standing before me?' And the man who always loved the truth and never lied said to the monkey, 'You are simply a monkey, and all of these similar simians are monkeys as well!' The chief monkey immediately ordered the monkeys to attack the man with their teeth and claws because he had spoken the truth.",Those who thrive on deception often retaliate against those who speak the truth.,It is difficult to truly know a person.,Flattery deceives the naive.,Naive familiarity mollifies even the most terrifying things.,"In the land of deception, truth is its own defense.",0,Those who thrive on deception often retaliate against those who speak the truth.
morables_495,"A man was in love with an ugly, wicked slave-woman from his own household and was quick to give her whatever she asked for. This slave-woman, bedecked with gold and trailing a delicate purple robe around her legs, would pick fights with the master's wife at every opportunity. It was Aphrodite, the goddess of love and beauty, whom she regarded as the cause of her good fortune, so she lit lamps in the goddess's honour, sacrificing, praying, begging, and beseeching her every single day. Finally the goddess came to the couple as they were sleeping. She appeared to the slave-woman in a dream and said, 'Do not give thanks to me; I certainly did not make you beautiful! Indeed, I am furious that this man would even think you were worth looking at.'",Only a man who is out of his mind and hated by the gods delights in ugly things as if they were beautiful.,No curse weighs more heavily than a guilty conscience.,Generosity can outshine ugliness.,"Be content with your beautiful, generous lot.","True beauty comes from within, not from external gifts.",0,Only a man who is out of his mind and hated by the gods delights in ugly things as if they were beautiful.
morables_134,"A father had an unmanageable son who indulged his vicious adolescent temper by brutally whipping the slaves whenever his father wasn't looking. Aesop therefore shared this little story with the father. 'A farmer once yoked an old bull to a young bull. The old bull tried to escape being yoked to this mismatched partner, complaining that his strength had become feeble with age. The farmer said to the bull, Have no fear. I am not doing this to make you work but so that you will keep the young bull in check, seeing as how he has lamed many of the other bulls with his kicking and butting. So too you must always keep that boy beside you in order to restrain his reckless inclinations with your own moderation, or else you will end up with even greater cause for complaint in your household.'",A mild disposition can put a stop to vicious behaviour.,"Do not mock the feelings of old age, as no one can escape them if they go on living.",Wisdom tempers reckless aggression.,Slow and wise steady wins the race.,Unchecked behavior in youth can lead to greater harm.,0,A mild disposition can put a stop to vicious behaviour.
morables_170,"A wealthy Athenian was making a sea voyage with some companions. A terrible storm blew up and the ship capsized. All the other passengers started to swim, but the Athenian kept praying to Athena, making all kinds of promises if only she would save him. Then one of the other shipwrecked passengers swam past him and said, 'While you pray to Athena, start moving your arms!'",Self-effort is essential.,A learned man has always a fund of riches in himself.,True power lies in practicality.,Powerful opposites are utterly divine and incompatible.,True character is revealed when the tides turn.,0,Self-effort is essential.
morables_607,"A Frog and a Mouse, who had long been rivals for the sovereignty of a certain marsh, and had many a skirmish and running fight together, agreed one day to settle the matter, once for all, by a fair and open combat. They met, and each, armed with the point of a bulrush for a spear, was ready, if need be, to fight to the death. The fight began in earnest, and there is no knowing how it might have ended, had not a Kite, seeing them from afar, pounced down and carried off both heroes in her talons.",When fools fight others run away with the prize.,People who do harm to others destroy themselves in the bargain.,Stay vigilant against hidden threats.,Be observant before you make a predatory leap.,Rivalries can blind us to the greater dangers lurking nearby.,0,When fools fight others run away with the prize.
morables_577,"A woman who had two daughters buried one of them, and mourners were provided to attend the funeral. The surviving daughter wondered to see strangers so much concerned at the loss of her sister, and her nearest relations so little. 'Pray, mother,' says she, 'what's the reason for this?' 'Oh,' says the mother, 'we who are kin to her are never the better for crying, but the strangers have money for it.'",Professional mourners serve those who pay the most.,Often there is more good to be found in one man than in a crowd of people.,Curiosity thrives on observation.,Pragmatic temptation can lead even the most curious and virtuous individuals to compromise their integrity and values.,Grief can unite strangers in shared sorrow.,0,Professional mourners serve those who pay the most.
morables_601,"A wayfaring man, traveling in the desert, met a woman standing alone and terribly dejected. He inquired of her, 'Who art thou?' 'My name is Truth,' she replied. 'And for what cause,' he asked, 'have you left the city to dwell alone here in the wilderness?' She made answer, 'Among the people of old, lies were found among only a few, but now they have spread throughout all of human society!'",Falsehood is with all men.,He who claims any good for himself takes away from the source of all the good he enjoys.,Curiosity uncovers hidden truths.,Even beneficial things all appear to be drastic and sure to hurt for those curious and inquisitive who are unfamiliar with them and inexperienced.,Compassion can be a guiding light in the loneliest of places.,0,Falsehood is with all men.
morables_575,"A donkey and an ox had been yoked together to pull a single load. The ox was making a great effort, even though he had an injury to his horn, while the donkey was doing nothing to help. As the ox struggled to pull the load by himself, he soon died. The driver then loaded the ox's carcass upon the donkey and began beating him mercilessly. The donkey broke down and collapsed under the weight, dropping dead in the middle of the road. A flock of birds flew up and alighted on the donkey's carcass. 'If only you had been kind enough to help the ox pull the load,' they said, 'you would not have died this untimely death, with carrion birds feasting on your flesh.'","We must help one another, for if a neighbor falls, their burden will fall on you.","Instead of looking at how things start, we should look instead at how they turn out in the end.",Hard work triumphs over cruelty.,Unhelpful burdens can continue in unexpected ways.,"True strength is shown through perseverance, not by avoiding effort.",0,"We must help one another, for if a neighbor falls, their burden will fall on you."
morables_471,"Man was made in such a hurry (according to the old fable) that Jupiter had forgotten to put modesty into the composition, among his other affections; and finding that there was no way of introducing it afterwards, man by man, he proposed the turning of it loose among the multitude. Modesty took her self at first to be a little hardly dealt with, but in the end, came over to agree to it, upon condition that carnal love might not be suffered to come into the same company; for wherever that comes, says she, I'm gone.",Modesty and carnal love cannot survive together.,We must not require what is unreasonable.,Haste can lead to unwelcome outcomes.,"Do not unmodestly mock the sensitive feelings of old age, as no one can escape them if they go on living.",Virtues shared are virtues gained.,0,Modesty and carnal love cannot survive together.
morables_380,"A fox and a monkey were travelling along the same road. They passed through a cemetery, and the monkey said to the fox, 'All these dead people were the freedmen of my ancestors.' The fox then said to the monkey, 'This is an opportune moment for you to tell such lies: not a single one of the people entombed in this place can rise up and refute what you say!'",Deceivers often exploit the inability of others to challenge their falsehoods.,Do not neglect the loyalty of old friends to please new acquaintances.,Cunning words often mask deception.,"Those who pretend to be cunning and deceptive, sooner or later, find themselves in deep water.",Shared paths can reveal true intentions.,0,Deceivers often exploit the inability of others to challenge their falsehoods.
morables_34,"One Winter a Farmer found a Snake stiff and frozen with cold. He had compassion on it, and taking it up, placed it in his bosom. The Snake was quickly revived by the warmth, and resuming its natural instincts, bit its benefactor, inflicting on him a mortal wound. 'Oh', cried the Farmer with his last breath, 'I am rightly served for pitying a scoundrel.'",The greatest kindness will not bind the ungrateful.,The man who treats others well is rewarded by gratitude.,Gratitude prevents regret.,"Injuries may be regretfully forgiven, but not ungratefully forgotten.","Even in the coldest times, a touch of compassion can revive what seems lost.",0,The greatest kindness will not bind the ungrateful.
morables_209,"There was a dog living in the house of some blacksmiths. When the blacksmiths were working, the dog would go to sleep, but when they sat down to a meal he would wake up and approach his masters in a friendly fashion. The blacksmiths said to the dog, 'How is that you sleep undisturbed when our heaviest hammers are clanging away, but you are immediately awakened by the slightest sound of our teeth chewing?'","Inattentive people quickly notice anything that they think will benefit them, while they are completely unaware of things which are not their immediate concern.",What a person does through another is truly their own action.,Diligence outshines opportunism.,Any opportunistic excuse will serve an observant tyrant.,Adaptation can turn noise into harmony.,0,"Inattentive people quickly notice anything that they think will benefit them, while they are completely unaware of things which are not their immediate concern."
morables_420,"One day the lion pretended to be sick and went limping up to the unicorn, his chief enemy. He greeted the unicorn and said to him, 'Let us put aside all that we have done in the past, because I am no longer able to harm anyone at all. As you can see, I am old and suffering from various ailments. But before I die, I would very much like to speak with my wife who is out in the desert. So, kind sir, if I might be so bold, I would like to borrow your horn to use as a walking stick on my journey since it is just the right length and very sturdy. I promise to return it to you as soon as I reach my wife; I give you my word.' The unicorn believed the lion and pitied his feigned distress, so he loaned the lion his horn and was thus left defenceless. The lion then inflicted a serious wound on the unicorn and laid him low. The unicorn said, 'You are guilty not so much of cruelty as of treachery, since you repaid my favour with wickedness and betrayed the promise you made me.' The lion said, 'You fool, don't you know that the saying: The man who prolongs his enemy's life takes something from his own; clemency does not entail showing mercy to one's enemies.' The unicorn replied, 'You traitor, don't you know that in the same book it is written: Let the victory which we contrive by the sword be an honourable victory or no victory at all; let not posterity read that I won by guile; no perfidy should obscure my triumph.'","Do not ever trust your enemy. Always protect yourself from him, even if he comes to you humble and supplicating.","No matter how you brag, you can be undone.","Trust cautiously, appearances deceive.",Do unto trusting others what you would have defenceless them do unto you.,"True victory is achieved through honor, not deceit.",0,"Do not ever trust your enemy. Always protect yourself from him, even if he comes to you humble and supplicating."
morables_691,"There was a Master-Pike, who for his size, beauty, and strength, was seen as the Prince of the River. But being the ruler of the freshwater wasn't enough for him; he wanted to rule the sea too. With this ambitious plan, he ventured into the ocean and claimed it as his own. However, a mighty Dolphin took offense at this intrusion and chased the Pike back to the edge of his own stream, barely allowing him to escape. From then on, the Pike wisely stayed within his own territory.",Be content with your lot.,"Value is what others think of you, not what you think of yourself.",Strength without humility invites downfall.,Ambitious counsel without mighty help is useless.,"True leadership is not just about appearance, but also about actions.",0,Be content with your lot.
morables_469,"Two soldiers happened to fall into the clutches of a robber: one of the soldiers ran away while the other stood his ground and defended himself with all the strength he could muster. As soon as the robber had been beaten back, the soldier's cowardly companion ran up, drawing his sword and even throwing aside his cloak as he said 'Let me at him; I will make sure he knows who it is he has dared to attack!' The one who had fought with the robber replied, 'I only wish that you had been here to help me with your words; even if you did nothing more than that, I would have believed what you were saying and would have fought with even greater determination. But please put away your sword and shut your useless mouth: you might be able to fool people who do not know you, but I have learned by experience with what prowess you turn tail and run, and how unreliable your courage really is.'",Courage in words means nothing if you flee in danger.,"There is little risk in being poor, while being rich can get you into trouble.",Bravery outshines cowardice.,"Know your aggressive, unreliable enemies.",Courage in adversity reveals true character.,0,Courage in words means nothing if you flee in danger.
morables_659,"Practically all the birds were invited to the Eagle's wedding. They resented the fact that the Hoopoe had been given a higher seat of honor than the other birds because the Hoopoe was notable for its crown and for being adorned with multicolored feathers, although it was accustomed to spend all its time rolling around in dung and filth.","True worth should be measured by character and deeds, not by outward appearances.","It is very unwise, even for the greatest of men, to provoke the least, as they may find a way to enact revenge.",Resentment tarnishes celebration.,Notable kindness is never honored wasted.,Inclusivity strengthens community bonds.,0,"True worth should be measured by character and deeds, not by outward appearances."
morables_405,"A hen came across the eggs of a snake and devoted herself to them, settling atop the eggs and brooding on them. A swallow saw what the hen was doing and said, 'O you stupid, senseless creature! They will destroy you first of all and then destroy everyone around you!'","We should never put our trust in a wicked man, even if he seems to be completely innocuous.",People who grasp at more than they need lose the little that they held in their hands.,Devotion can avert danger.,He who senselessly competes with his superiors destroys himself in a destructive manner before he can equal them.,Compassion can transcend natural boundaries.,0,"We should never put our trust in a wicked man, even if he seems to be completely innocuous."
morables_419,"A man caught a jackdaw and tied the bird's foot with a piece of string so that he could give the bird to his children as a present. The jackdaw, however, could not stand to live in human society, so when they let him loose for just a moment, he ran away. But when he got back to his nest, the string became entangled in the branches, so that the jackdaw was unable to fly. As he was dying, the bird said to himself, 'How stupid of me! Since I could not stand being a slave in human society, I have brought about my own death.'","It is not the place, nor the condition, but the mind alone that is responsible for our happiness.",Tears don't always signify pity.,Generosity can free the trapped.,"Sometimes, the greatest threats come from those you trust, even the innocent and expectant ones.",Possession without freedom is a gift unappreciated.,0,"It is not the place, nor the condition, but the mind alone that is responsible for our happiness."
morables_639,"Once, a terrible storm blew at sea, and one sailor noticed that the rest of his companions were each praying to different saints. 'Be careful, my friends,' he said, 'what if we all drown before the messenger can deliver our message? Wouldn't it be better to pray directly to the one who can save us without any help?' With that, they turned their prayers to God himself, and the wind soon calmed.",The shortest and surest way of doing things is best.,It is better to be loved than feared.,Mercy tempers power.,Not all pragmatic advice is diverse or wise.,Urgency in communication is vital.,0,The shortest and surest way of doing things is best.
morables_444,"A snake and a weasel were fighting with one another inside a house. The mice who lived in the house were always being hunted down by either the snake or the weasel, so when they saw the snake and the weasel fighting with each other, they emerged from their holes and scurried around. When the weasel and the snake saw what was happening, they stopped fighting with each other and turned their attention to the mice.","In conflicts between powerful parties, bystanders may suffer unintended consequences.",Appearances can be deceiving.,Timidity can outwit aggression.,No one can be safe in fierce peace unless they are always ready to face an opportunistic enemy in case of war.,Conflict within can disrupt the peace of a home.,0,"In conflicts between powerful parties, bystanders may suffer unintended consequences."
morables_658,"A Goldfinch escaped from his Master's Cage, and the Master tried to get him back, but the bird refused to return. 'Well!' said the Boy, 'you'll regret it, because you'll never be as well cared for anywhere else.' 'That may be true,' said the Bird, 'but I would rather take care of myself than be under your care.'",There is no wealth greater than liberty.,You should not treat bad people the same way that you treat good people.,Defiance can mask true concern.,Changing your independent location does not change your defiant state of mind.,"Freedom is a treasure worth pursuing, even at great risk.",0,There is no wealth greater than liberty.
morables_638,"A donkey was complaining that he lacked horns, while a monkey was complaining that she lacked a tail. The mole said to them, 'Silence your complaining, since you can see that I am deprived of eyes.'",Men would bear their misfortunes more patiently if they considered the ones of others.,"We must help one another, for if a neighbor falls, their burden will fall on you.",Complaining won't restore what's lost.,The complaining things that a person does to others will happen to him in a deprived turn.,Coveting what others have blinds us to our own unique gifts.,0,Men would bear their misfortunes more patiently if they considered the ones of others.
morables_42,"A Fox invited a Crane to supper and provided nothing for his entertainment but some soup made of pulse, which was poured out into a broad flat stone dish. The soup fell out of the long bill of the Crane at every mouthful, and his vexation at not being able to eat afforded the Fox much amusement. The Crane, in his turn, asked the Fox to sup with him, and set before her a flagon with a long narrow mouth, so that he could easily insert his neck and enjoy its contents at his leisure. The Fox, unable even to taste it, met with a fitting requital, after the fashion of her own hospitality.",Do unto others what you would have them do unto you.,Beware the sort of person who uses tricks.,Cleverness can outwit vexation.,A clever alliance with the powerless is futile.,Consideration for others' needs fosters true hospitality.,0,Do unto others what you would have them do unto you.
morables_72,"A Man had a Wife who made herself hated by all the members of his household. Wishing to find out if she had the same effect on the persons in her father's house, he made some excuse to send her home on a visit to her father. After a short time she returned, and when he inquired how she had got on and how the servants had treated her, she replied, 'The herdsmen and shepherds cast on me looks of aversion'. He said, 'O Wife, if you were disliked by those who go out early in the morning with their flocks and return late in the evening, what must have been felt towards you by those with whom you passed the whole day!'",Straws show how the wind blows.,Not all things are suitable for all people.,Curiosity can avert disapproval.,Curious and observant true friends are hard to find.,Harmony at home begins with mutual respect.,0,Straws show how the wind blows.
morables_693,"The coachman, hearing one of the wheels of his coach creak, was surprised; but more especially when he perceived that it was the worst wheel of the whole set, and which he thought had but little pretense to take such a liberty.",Complaining is the privilege of the weak.,"It's wise and kind to be considerate of one another, for no one knows their own end.",Curiosity leads to wisdom.,Be observant and wise to know your enemies.,Noise often masks vulnerability.,0,Complaining is the privilege of the weak.
morables_612,"There was a woman of Sybaris who broke a jar. The jar then got someone to testify as a witness, but the woman of Sybaris said, 'I swear by the Maiden, you would have been far wiser if you'd gone right away to get a bandage, instead of making a court-case out of it.' ",Action is more valuable than arguments.,You can't please everybody.,Practicality triumphs over sarcasm.,Practical fortune can occasionally bestow sarcastic favours that exceed a person's hopes and expectations.,Small actions can reveal hidden strengths.,0,Action is more valuable than arguments.
morables_506,"The dolphins and Whales waged a fierce war with each other. When the battle was at its height, a Sprat lifted its head out of the waves and said that he would reconcile their differences if they would accept him as an umpire. One of the Dolphins replied, 'We would far rather be destroyed in our battle with each other than admit any interference from you in our affairs.'",Some would rather fight than not.,Those who adapt to the times will emerge unscathed.,Pride often leads to unnecessary conflict.,"Every fierce, proud man for himself.",Conflict among kin can lead to mutual ruin.,0,Some would rather fight than not.
morables_74,"A Man and a Satyr once drank together in token of a bond of alliance being formed between them. One very cold wintry day, as they talked, the Man put his fingers to his mouth and blew on them. When the Satyr asked the reason for this, he told him that he did it to warm his hands because they were so cold. Later on in the day they sat down to eat, and the food prepared was quite scalding. The Man raised one of the dishes a little towards his mouth and blew in it. When the Satyr again inquired the reason, he said that he did it to cool the meat, which was too hot. 'I can no longer consider you as a friend', said the Satyr, 'a fellow who with the same breath blows hot and cold.'",The man who talks for both sides is not to be trusted by either.,Be careful what you wish for.,Adaptability leads to success.,"Many practical people give up their adaptable vices not out of a love for virtue, but because they can no longer continue indulging in them.",Actions can reveal truths that words may hide.,0,The man who talks for both sides is not to be trusted by either.
morables_173,"Socrates had erected for himself a very modest house - and I myself would even be willing to die as Socrates died if I could achieve an equal fame, yes, I would be willing to suffer the same public disapproval if I too could be vindicated after death! Anyway, just as you would expect on such an occasion, one of his neighbours had to ask, 'Why is it, Socrates, that someone like you would build himself such a tiny little house?' 'Ah,' said Socrates, 'if only I could fill it with true friends!'",True friends are hard to find.,No curse weighs more heavily than a guilty conscience.,Curiosity fuels wisdom.,"Do not play the modest, philosophical wise man after the fact.",True greatness often requires enduring present hardships for future recognition.,0,True friends are hard to find.
morables_122,"The lion often found fault with the way he had been designed by Prometheus. Admittedly, Prometheus had made the lion very large and handsome, supplying him with sharp fangs in his jaw and arming him with claws on his feet; in short he had made the lion more powerful than all the other animals. 'Yet great though I may be,' said the lion, 'I am terribly afraid of roosters!' Prometheus replied, 'Why waste your time blaming me? You have every good quality that I was able to create, and you are afraid of absolutely nothing, except for roosters.' The lion kept on lamenting his condition, criticizing himself for being a coward until finally he just wanted to die. It was when he was in this frame of mind that the lion ran into the elephant. The lion greeted the elephant, and stopped to converse with him. When he saw that the elephant kept on flapping his ears, the lion inquired, 'What's the matter with you? Why do you keep on flapping your ears like that?' As the elephant began to speak, a gnat came whizzing by and the elephant said, 'Do you see this little thing, this little buzzing thing? If it gets inside my ear, I'm doomed.' 'Well then,' the lion concluded, 'why should I die of shame? I am an excellent creature indeed, and in much better shape than this elephant: roosters are more formidable than gnats, after all!'",There is always someone else worse off than you.,"No matter how you brag, you can be undone.",Strength alone does not guarantee invulnerability.,"You may share the labours of the powerful and formidable, but you will not share the spoil.",Even divine gifts can spark envy.,0,There is always someone else worse off than you.
morables_169,"The crow was making a sacrifice to Athena and invited a dog to the feast. The dog said to her, 'Why do you foolishly squander these sacrifices? The goddess clearly hates you so much that she has taken away all credibility from your omens.' The crow answered, 'That is all the more reason for me to sacrifice to her: I hope she will change her attitude towards me!'",People are often eager to treat their enemies well in the hopes of gaining something by it.,Pick your enemies.,Hope shines through skepticism.,"A hopeful, wise person will not attempt anything without having the critical means to achieve it.",Generosity can forge unlikely friendships.,0,People are often eager to treat their enemies well in the hopes of gaining something by it.
morables_418,"They say that the hyena has a double nature: for a period of time the hyena is male, and then later on she is female. The story goes that when a male hyena was treating a female badly, she said to him, 'Listen here: remember how things used to be, and don't forget that I will be a male hyena the next time around!'",People who have been judged in the past can later on be in a position to judge their former teachers.,Flatterers and deceivers are not to be trusted.,True nature reveals in adversity.,Double-natured ambiguity in character can lead to threatening mistrust.,"Embrace change, for it reveals the full spectrum of your potential.",0,People who have been judged in the past can later on be in a position to judge their former teachers.
morables_227,"A lion was wandering on the seashore when he saw a dolphin stick his head out of the water. The lion invited the dolphin to become his ally, explaining that they were perfectly suited to befriend and assist one another, given that the dolphin was the king of the sea creatures, while the lion ruled all the animals of the land. The dolphin agreed. Later on, the lion, who had long been at war with the wild bull, asked the dolphin for help. Although he wanted to help, the dolphin was unable to come out of the sea. The lion then reproached the dolphin for having betrayed him. The dolphin said in reply, 'I am not to blame! My nature is that of a sea creature, and it means that I cannot come out onto the land.'","When we form friendships with one another, we must choose allies who can come to our aid in moments of peril.","hen a man has both an interest and an inclination to betray us, there's no trusting him.",Even the regal can be restricted by wild adversaries.,"Whatever you do, do with all your regal, wild might.",True alliances require more than shared titles.,0,"When we form friendships with one another, we must choose allies who can come to our aid in moments of peril."
morables_248,"A cicada was singing on top of a tall tree. The fox wanted to eat the cicada, so she came up with a trick. She stood in front of the tree and marvelled at the cicada's beautiful song. The fox then asked the cicada to come down and show himself, since the fox wanted to see how such a tiny creature could be endowed with such a sonorous voice. But the cicada saw through the fox's trick. He tore a leaf from the tree and let it fall to the ground. Thinking it was the cicada, the fox pounced and the cicada then said, 'Hey, you must be crazy to think I would come down from here! I've been on my guard against foxes ever since I saw the wings of a cicada in the spoor of a fox.'",A discerning person is made wise by the misfortunes of his neighbours.,God is the ultimate judge.,Clever trickery breeds deception.,Cautious fear of the future can lead to clever actions that bring about the very fate we seek to avoid.,Cunning plans often reveal true intentions.,0,A discerning person is made wise by the misfortunes of his neighbours.
morables_422,"The Goat, going abroad to feed, shut up her young Kid at borne, charging him to bolt the door fast, and open it to nobody, till she herself should return. The Wolf, who lay lurking just by, heard this charge given; and soon after came and knocked at the door, counterfeiting the voice of the Goat, and desiring to be admitted. The Kid, looking out at a window, and finding the cheat, bid him go about his business; for, however he might imitate a Goat's voice, yet he appeared too much like a Wolf to be trusted.",A hypocrite can usually be found out.,"Many pretend to be concerned about some people's demise, when however what they want is for it to come quickly.",Caring hearts can see through counterfeit desires.,No cautious arguments will give wise courage to the coward.,Neglecting careful oversight can invite unforeseen perils.,0,A hypocrite can usually be found out.
morables_157,"A creeping snake who had been stepped on by many people made his way to the temple of Apollo and went inside. Apollo immediately explained to the snake, 'If you had simply killed the first person who stepped on you, no one would ever have dared to step on you again!'","If people who have previously committed a crime are swiftly punished, then others will become afraid on their account.","Sometimes, Wicked people commit crime in haste but are not punished until much later.",Immediate actions often lack depth.,"Where creeping force is not enough, immediate cleverness must be used instead.",Seeking refuge can lead to unexpected sanctuaries.,0,"If people who have previously committed a crime are swiftly punished, then others will become afraid on their account."
morables_230,"A lion was standing over a young bull whom he had killed when a robber showed up and demanded a part of the spoils. 'I would agree,' the lion said, 'if you were not already in the habit of taking whatever you want!' Thus, the lion thus refused the villain's request. Meanwhile, an innocent wayfarer also happened upon the very same spot, although he backed away as soon as he saw the ferocious lion. 'There is nothing to be afraid of,' the lion said to him in kindly tones. 'Please, take without hesitation the portion of this prize that your modesty has earned for you.' He then divided the bull into pieces and went away into the woods, so that the man would come forward freely.","Those who take by force are met with resistance, while those who approach with humility may find unexpected generosity.","hen a man has both an interest and an inclination to betray us, there's no trusting him.",Kindness can tame ferocity.,Villainous cunning often outwits its modest self.,Entitlement often blinds one to their own hypocrisy.,0,"Those who take by force are met with resistance, while those who approach with humility may find unexpected generosity."
morables_411,"A man kept a hero shrine in his house and made expensive sacrifices to it. Since he was constantly paying out money and spending great sums on the offerings, the god came to him one night and said: 'Look here, stop squandering your wealth: if you spend everything and become poor, you'll put the blame on me!'","When people suffer misfortune because of their own foolishness, they often blame the gods.","People are often quick to make promises, but they do not really expect to have to fulfill them.",Extravagance often clouds wise counsel.,Few extravagant things are done except for concerned profit.,"True devotion is measured by actions, not offerings.",0,"When people suffer misfortune because of their own foolishness, they often blame the gods."
morables_477,"A stag had grown thirsty and went to a spring in order to drink some water. When he saw the reflection of his body in the water, he disparaged the slenderness of his legs but revelled in the shape and size of his horns. All of a sudden, some hunters appeared and began to chase him. As the stag ran along the level ground of the plain, he outdistanced his pursuers and beat them to the marsh by the river. Without thinking about what he was doing, the stag kept on going, but his horns became tangled in the overhanging branches and he was captured by the hunters. The stag groaned and said, 'Woe is me, wretched creature that I am! The thing that I disparaged could have saved me while I have been destroyed by the very thing I boasted about.'",What is most truly valuable is often underrated.,"It is often the case that people are greedy for things which they think will bring them honour, but which only result in their death and destruction.",Persistence outshines vanity.,Vain deceivers often exploit the persistent inability of others to challenge their falsehoods.,Pride in appearances can blind us to our true strengths.,0,What is most truly valuable is often underrated.
morables_561,"A Beetle once begged the Eagle to spare a Hare which had run to her for protection. But the Eagle pounced upon her prey, the sweep of her great wings tumbling the Beetle a dozen feet away. Furious at the disrespect shown her, the Beetle flew to the Eagle's nest and rolled out the eggs. Not one did she spare. The Eagle's grief and anger knew no bounds, but who had done the cruel deed she did not know. Next year the Eagle built her nest far up on a mountain crag; but the Beetle found it and again destroyed the eggs. In despair the Eagle now implored great Jupiter to let her place her eggs in his lap. There none would dare harm them. But the Beetle buzzed about Jupiter's head, and made him rise to drive her away; and the eggs rolled from his lap. Now the Beetle told the reason for her action, and Jupiter had to acknowledge the justice of her cause. And they say that ever after, while the Eagle's eggs lie in the nest in spring, the Beetle still sleeps in the ground. For so Jupiter commanded.",The weak may find a way to avenge a wrong.,"It is often the case that people are greedy for things which they think will bring them honour, but which only result in their death and destruction.",True power lies in restraint.,Powerful beauty alone does not qualify one for commanding leadership.,Compassion can bridge the divide between predator and prey.,0,The weak may find a way to avenge a wrong.
morables_488,"A merchant who owned a donkey heard that salt was cheaper by the seashore, so he decided to go into the salt business. He went and loaded his donkey with salt and then headed back home. At a certain moment, the donkey accidentally lost his footing and fell straight into a stream. This caused the salt to dissolve, making his load lighter. The donkey was thus able to rise easily to his feet and enjoy a less taxing journey home. The merchant sold what was left of the salt and led the donkey back again to load him with an even greater cargo than before. As the donkey made his way with difficulty back to the stream where he had fallen before, he sank to his knees on purpose this time. Then, after his cargo had dissolved in the water, he leaped nimbly to his feet, delighted to have turned the situation to his advantage, or so he thought. The merchant realized what was happening and decided that the next time he would bring back home a big load of porous sponges. On their way back across the stream, the wicked donkey fell down on purpose as before. This time the sponges grew heavy with water and the cargo expanded. As a result, the donkey had to carry a burden that was twice as heavy as it had been to begin with.",You can fool someone only so many times.,"Value is what others think of you, not what you think of yourself.",Cunning minds see wicked traps.,"Everyone should be satisfied with their own cunning lot in life, given that observant disaster awaits us on every side.","Sometimes, accidents can lighten the load of burdens.",0,You can fool someone only so many times.
morables_211,"There was a blind man who was in the habit of identifying any animal that was placed in his hands by touching it. Once they gave him a wolf cub. Even after stroking the animal he was not sure of its identity, so he said, 'I am not sure whether it is the cub of a wolf or a fox or some similar creature, but I do know that this is not the kind of animal that should accompany a flock of sheep!'",Evil tendencies are shown in early life.,"When people won't listen to reason through kind means, they must be made to understand through harsh ones.",Appearances can be misleading.,It is blind to reward when one should be perceptive enough to punish.,Even the familiar may conceal a perilous truth.,0,Evil tendencies are shown in early life.
morables_694,"There was a generous Rich Man who always had a grand and open table, so he never lacked guests. This man noticed that all sorts of people came to him, and he became curious to see who were true friends and who were just freeloaders. So one day, at a full table, he mentioned a quarrel he had and said he was about to seek satisfaction. He needed a certain number of people to join him, and he was sure they would stand by him with swords in hand. Everyone made excuses except for two, whom he counted as his friends, while the rest were just hangers-on.",True friends are hard to come by.,"A man cannot be too careful of what he does, where the life of any creature is in question.",Generosity should not enable freeloaders.,Excuse-making people adjust their loyal beliefs based on what is profitable for them.,"Generosity attracts company, but sincerity keeps it.",0,True friends are hard to come by.
morables_107,"A River carried down in its stream two Pots, one made of earthenware and the other of brass. The Earthen Pot said to the Brass Pot, 'Pray keep at a distance and do not come near me, for if you touch me ever so slightly, I shall be broken in pieces, and besides, I by no means wish to come near you.'",Equals make the best friends.,Do no overestimate your worth when your fate rests in the hands of the high and the mighty.,Both the fragile and the mighty play their vital roles,Cautious abstain and dangerous enjoy.,"Even when shaped differently, each vessel carries its own worth in the journey of life.",0,Equals make the best friends.
morables_214,"The wild boar was standing beside a tree, sharpening his tusks. The fox asked him why he was sharpening his tusks now, when there was no immediate need for him to do so. The wild boar replied, 'I have my reasons! This way, when danger threatens, I won't have to take time to whet my tusks but will instead have them ready for use.'",Preparedness for war is the best guarantee of peace.,God is the ultimate judge.,Curiosity must be guided by prudence.,Prudent men feel worst when they contribute to their own inquisitive undoing.,Even nature prepares its own defenses.,0,Preparedness for war is the best guarantee of peace.
